lot_id,medication_id,location_id,quantity,manufacture_date,expiry_date
LOT-202508-1000,MED001,LOC002,230,2025-08-02,2027-09-17
LOT-202603-1001,MED001,LOC003,141,2026-03-28,2028-09-29
LOT-202506-1002,MED001,LOC004,103,2025-06-28,2028-02-04
LOT-202507-1003,MED001,LOC004,46,2025-07-06,2028-02-25
LOT-202510-1004,MED001,LOC005,101,2025-10-05,2027-10-15
LOT-202602-1005,MED001,LOC005,87,2026-02-16,2028-12-22
LOT-202506-1006,MED001,LOC007,39,2025-06-09,2027-11-13
LOT-202509-1007,MED002,LOC001,515,2025-09-16,2027-11-04
LOT-202505-1009,MED002,LOC002,142,2025-05-21,2027-04-10
LOT-202504-1008,MED002,LOC002,186,2025-04-26,2027-11-02
LOT-202508-1010,MED002,LOC003,692,2025-08-11,2028-02-15
LOT-202512-1011,MED002,LOC004,128,2025-12-06,2028-01-25
LOT-202504-1012,MED002,LOC005,210,2025-04-23,2027-11-29
LOT-202602-1013,MED002,LOC006,254,2026-02-11,2028-05-26
LOT-202602-1014,MED002,LOC006,361,2026-02-28,2028-09-26
LOT-202507-1015,MED002,LOC007,47,2025-07-21,2027-07-28
LOT-202506-1017,MED003,LOC001,187,2025-06-03,2027-03-07
LOT-202503-1016,MED003,LOC001,196,2025-03-23,2027-06-16
LOT-202512-1018,MED003,LOC002,54,2025-12-16,2027-10-09
LOT-202509-1019,MED003,LOC002,46,2025-09-08,2028-02-26
LOT-202508-1020,MED003,LOC003,172,2025-08-12,2028-02-16
LOT-202603-1021,MED003,LOC003,93,2026-03-24,2028-03-01
LOT-202506-1022,MED003,LOC004,34,2025-06-15,2028-02-29
LOT-202505-1023,MED003,LOC005,97,2025-05-15,2027-06-03
LOT-202505-1025,MED003,LOC006,171,2025-05-19,2027-02-25
LOT-202508-1024,MED003,LOC006,261,2025-08-09,2027-04-16
LOT-202505-1026,MED003,LOC007,17,2025-05-30,2027-10-11
LOT-202506-1027,MED004,LOC001,442,2025-06-07,2027-08-10
LOT-202507-1028,MED004,LOC002,86,2025-07-11,2027-10-29
LOT-202510-1029,MED004,LOC003,56,2025-10-23,2027-08-26
LOT-202603-1030,MED004,LOC003,71,2026-03-16,2028-05-01
LOT-202507-1031,MED004,LOC004,63,2025-07-27,2027-03-01
LOT-202506-1032,MED004,LOC004,47,2025-06-16,2027-10-14
LOT-202508-1033,MED004,LOC005,71,2025-08-10,2028-04-05
LOT-202512-1034,MED004,LOC005,54,2025-12-27,2028-05-10
LOT-202604-1035,MED004,LOC006,142,2026-04-21,2028-03-10
LOT-202511-1036,MED004,LOC006,164,2025-11-13,2028-10-24
LOT-202505-1037,MED004,LOC007,7,2025-05-10,2027-03-23
LOT-202504-1038,MED005,LOC001,114,2025-04-13,2027-03-12
LOT-202511-1039,MED005,LOC001,121,2025-11-02,2028-04-17
LOT-202503-1040,MED005,LOC002,52,2025-03-11,2027-08-26
LOT-202511-1041,MED005,LOC002,30,2025-11-13,2027-12-12
LOT-202512-1042,MED005,LOC003,385,2025-12-20,2027-09-11
LOT-202512-1043,MED005,LOC004,34,2025-12-14,2027-06-19
LOT-202507-1045,MED005,LOC005,28,2025-07-06,2027-03-25
LOT-202507-1044,MED005,LOC005,46,2025-07-15,2027-09-12
LOT-202510-1047,MED005,LOC006,197,2025-10-07,2027-11-26
LOT-202510-1046,MED005,LOC006,158,2025-10-07,2028-04-10
LOT-202602-1048,MED005,LOC007,38,2026-02-23,2028-03-09
LOT-202503-1050,MED006,LOC001,484,2025-03-26,2027-05-01
LOT-202508-1049,MED006,LOC001,695,2025-08-21,2027-08-26
LOT-202603-1051,MED006,LOC002,337,2026-03-15,2028-03-21
LOT-202504-1052,MED006,LOC003,1124,2025-04-17,2027-06-13
LOT-202601-1053,MED006,LOC004,86,2026-01-12,2027-11-25
LOT-202506-1054,MED006,LOC005,258,2025-06-10,2028-02-01
LOT-202504-1056,MED006,LOC006,377,2025-04-19,2026-12-18
LOT-202510-1055,MED006,LOC006,284,2025-10-27,2027-12-17
LOT-202510-1057,MED006,LOC007,31,2025-10-24,2028-05-01
LOT-202602-1059,MED007,LOC001,481,2026-02-18,2028-04-18
LOT-202602-1058,MED007,LOC001,648,2026-02-08,2028-05-23
LOT-202505-1060,MED007,LOC002,467,2025-05-09,2027-07-24
LOT-202507-1061,MED007,LOC003,339,2025-07-05,2027-03-12
LOT-202508-1062,MED007,LOC003,237,2025-08-31,2027-04-14
LOT-202604-1064,MED007,LOC004,73,2026-04-16,2028-01-12
LOT-202508-1063,MED007,LOC004,80,2025-08-04,2028-03-25
LOT-202603-1066,MED007,LOC005,296,2026-03-21,2027-12-15
LOT-202510-1065,MED007,LOC005,236,2025-10-08,2028-03-31
LOT-202509-1068,MED007,LOC006,272,2025-09-01,2027-10-22
LOT-202508-1067,MED007,LOC006,571,2025-08-30,2028-08-08
LOT-202503-1070,MED007,LOC007,167,2025-03-27,2027-05-01
LOT-202512-1069,MED007,LOC007,115,2025-12-09,2027-08-22
LOT-202510-1071,MED008,LOC001,1756,2025-10-13,2027-05-11
LOT-202504-1073,MED008,LOC002,59,2025-04-05,2026-12-22
LOT-202603-1072,MED008,LOC002,71,2026-03-30,2028-05-16
LOT-202512-1075,MED008,LOC003,305,2025-12-15,2028-03-28
LOT-202509-1074,MED008,LOC003,281,2025-09-05,2028-07-26
LOT-202509-1076,MED008,LOC004,69,2025-09-27,2027-10-03
LOT-202505-1077,MED008,LOC004,101,2025-05-21,2027-11-16
LOT-202512-1078,MED008,LOC006,381,2025-12-22,2027-08-12
LOT-202507-1079,MED008,LOC006,292,2025-07-28,2028-01-17
LOT-202504-1081,MED008,LOC007,25,2025-04-04,2027-11-15
LOT-202507-1080,MED008,LOC007,38,2025-07-01,2028-01-19
LOT-202503-1082,MED009,LOC001,910,2025-03-20,2027-01-13
LOT-202601-1083,MED009,LOC001,438,2026-01-24,2027-08-07
LOT-202510-1085,MED009,LOC002,189,2025-10-22,2028-06-24
LOT-202512-1084,MED009,LOC002,198,2025-12-24,2028-09-07
LOT-202508-1086,MED009,LOC003,693,2025-08-10,2027-07-08
LOT-202508-1087,MED009,LOC003,318,2025-08-15,2027-11-11
LOT-202509-1089,MED009,LOC004,75,2025-09-22,2027-04-09
LOT-202602-1088,MED009,LOC004,159,2026-02-17,2027-11-07
LOT-202603-1091,MED009,LOC005,190,2026-03-26,2028-10-25
LOT-202603-1090,MED009,LOC005,438,2026-03-01,2028-12-16
LOT-202601-1092,MED009,LOC006,1711,2026-01-30,2028-11-17
LOT-202512-1094,MED009,LOC007,29,2025-12-14,2028-05-29
LOT-202604-1093,MED009,LOC007,29,2026-04-24,2028-12-05
LOT-202511-1096,MED010,LOC001,438,2025-11-25,2027-10-07
LOT-202506-1095,MED010,LOC001,329,2025-06-28,2028-01-27
LOT-202503-1097,MED010,LOC002,352,2025-03-31,2027-01-30
LOT-202504-1098,MED010,LOC003,314,2025-04-24,2027-01-06
LOT-202506-1099,MED010,LOC003,170,2025-06-24,2027-03-22
LOT-202601-1101,MED010,LOC004,71,2026-01-06,2027-12-14
LOT-202604-1100,MED010,LOC004,139,2026-04-15,2028-01-21
LOT-202512-1102,MED010,LOC005,349,2025-12-20,2028-11-18
LOT-202504-1103,MED010,LOC006,410,2025-04-06,2027-03-01
LOT-202601-1104,MED010,LOC006,515,2026-01-27,2027-12-18
LOT-202603-1105,MED010,LOC007,73,2026-03-09,2029-02-04
LOT-202509-1107,MED011,LOC001,251,2025-09-01,2027-10-06
LOT-202603-1106,MED011,LOC001,389,2026-03-13,2028-10-21
LOT-202602-1108,MED011,LOC002,270,2026-02-09,2027-08-16
LOT-202507-1109,MED011,LOC003,401,2025-07-07,2028-03-19
LOT-202603-1110,MED011,LOC004,36,2026-03-09,2027-10-13
LOT-202511-1111,MED011,LOC004,17,2025-11-18,2028-10-18
LOT-202503-1113,MED011,LOC005,83,2025-03-28,2027-06-27
LOT-202512-1112,MED011,LOC005,125,2025-12-28,2027-12-07
LOT-202601-1114,MED011,LOC006,390,2026-01-03,2028-03-22
LOT-202603-1116,MED011,LOC007,49,2026-03-20,2028-10-05
LOT-202604-1115,MED011,LOC007,70,2026-04-23,2029-01-11
LOT-202508-1118,MED012,LOC001,377,2025-08-26,2027-05-25
LOT-202603-1117,MED012,LOC001,839,2026-03-06,2027-11-25
LOT-202504-1119,MED012,LOC002,279,2025-04-07,2027-05-20
LOT-202510-1120,MED012,LOC003,417,2025-10-19,2028-07-12
LOT-202506-1122,MED012,LOC004,51,2025-06-03,2027-08-02
LOT-202604-1121,MED012,LOC004,94,2026-04-26,2028-03-01
LOT-202505-1124,MED012,LOC005,147,2025-05-04,2027-12-06
LOT-202601-1123,MED012,LOC005,205,2026-01-26,2028-12-04
LOT-202511-1126,MED012,LOC006,345,2025-11-06,2027-06-30
LOT-202508-1125,MED012,LOC006,362,2025-08-23,2028-06-28
LOT-202508-1127,MED012,LOC007,65,2025-08-03,2027-06-22
LOT-202506-1129,MED013,LOC001,232,2025-06-24,2028-03-14
LOT-202510-1128,MED013,LOC001,206,2025-10-25,2028-10-06
LOT-202505-1130,MED013,LOC002,31,2025-05-26,2027-07-31
LOT-202508-1131,MED013,LOC002,42,2025-08-27,2027-08-30
LOT-202603-1132,MED013,LOC003,323,2026-03-03,2028-02-13
LOT-202602-1134,MED013,LOC004,17,2026-02-23,2027-11-09
LOT-202512-1133,MED013,LOC004,34,2025-12-24,2028-05-05
LOT-202601-1135,MED013,LOC005,49,2026-01-04,2028-04-14
LOT-202604-1136,MED013,LOC005,64,2026-04-25,2028-11-02
LOT-202508-1138,MED013,LOC006,96,2025-08-28,2027-11-24
LOT-202604-1137,MED013,LOC006,68,2026-04-10,2028-05-20
LOT-202507-1139,MED013,LOC007,19,2025-07-22,2028-03-21
LOT-202505-1141,MED014,LOC001,216,2025-05-01,2027-12-25
LOT-202511-1140,MED014,LOC001,266,2025-11-19,2028-06-13
LOT-202601-1143,MED014,LOC002,97,2026-01-24,2027-11-18
LOT-202505-1142,MED014,LOC002,80,2025-05-11,2028-02-25
LOT-202604-1145,MED014,LOC003,223,2026-04-13,2027-10-08
LOT-202601-1144,MED014,LOC003,247,2026-01-19,2027-12-12
LOT-202505-1147,MED014,LOC004,34,2025-05-18,2027-01-05
LOT-202511-1146,MED014,LOC004,26,2025-11-28,2027-07-11
LOT-202604-1148,MED014,LOC005,156,2026-04-12,2028-10-10
LOT-202603-1149,MED014,LOC006,251,2026-03-23,2028-11-19
LOT-202504-1150,MED014,LOC007,15,2025-04-19,2027-02-17
LOT-202503-1151,MED015,LOC001,452,2025-03-18,2027-07-18
LOT-202506-1152,MED015,LOC002,171,2025-06-10,2028-01-05
LOT-202603-1153,MED015,LOC002,99,2026-03-08,2028-11-18
LOT-202509-1154,MED015,LOC003,296,2025-09-20,2028-06-06
LOT-202510-1155,MED015,LOC003,155,2025-10-21,2028-06-10
LOT-202511-1156,MED015,LOC004,52,2025-11-23,2027-06-19
LOT-202603-1157,MED015,LOC004,56,2026-03-06,2028-04-18
LOT-202510-1158,MED015,LOC005,106,2025-10-15,2027-10-07
LOT-202511-1159,MED015,LOC005,119,2025-11-30,2028-02-20
LOT-202507-1161,MED015,LOC006,335,2025-07-19,2027-05-17
LOT-202512-1160,MED015,LOC006,354,2025-12-01,2027-08-31
LOT-202512-1162,MED015,LOC007,107,2025-12-30,2028-06-19
LOT-202504-1163,MED016,LOC001,1814,2025-04-14,2027-06-11
LOT-202509-1164,MED016,LOC001,1824,2025-09-21,2028-08-14
LOT-202505-1165,MED016,LOC002,876,2025-05-12,2027-02-20
LOT-202505-1166,MED016,LOC003,1685,2025-05-31,2026-12-31
LOT-202601-1167,MED016,LOC003,1172,2026-01-02,2027-09-29
LOT-202506-1168,MED016,LOC004,125,2025-06-29,2027-09-18
LOT-202505-1169,MED016,LOC004,80,2025-05-07,2028-03-08
LOT-202507-1171,MED016,LOC005,439,2025-07-03,2027-11-03
LOT-202603-1170,MED016,LOC005,329,2026-03-09,2028-07-31
LOT-202603-1172,MED016,LOC006,1982,2026-03-29,2028-10-14
LOT-202603-1173,MED016,LOC007,142,2026-03-07,2027-11-28
LOT-202506-1175,MED017,LOC001,641,2025-06-04,2028-04-11
LOT-202506-1174,MED017,LOC001,1115,2025-06-01,2028-05-14
LOT-202504-1176,MED017,LOC002,495,2025-04-01,2027-02-01
LOT-202509-1177,MED017,LOC002,363,2025-09-27,2028-02-16
LOT-202510-1179,MED017,LOC003,563,2025-10-16,2027-12-16
LOT-202604-1178,MED017,LOC003,744,2026-04-30,2028-08-26
LOT-202504-1180,MED017,LOC004,156,2025-04-12,2027-12-09
LOT-202509-1181,MED017,LOC004,92,2025-09-28,2027-12-12
LOT-202505-1182,MED017,LOC005,455,2025-05-14,2027-01-08
LOT-202506-1183,MED017,LOC005,215,2025-06-07,2027-01-31
LOT-202507-1184,MED017,LOC006,619,2025-07-01,2027-08-06
LOT-202504-1185,MED017,LOC006,418,2025-04-11,2027-11-25
LOT-202507-1186,MED017,LOC007,162,2025-07-01,2027-06-21
LOT-202505-1187,MED018,LOC001,1075,2025-05-25,2028-01-01
LOT-202509-1188,MED018,LOC002,419,2025-09-22,2027-09-01
LOT-202512-1189,MED018,LOC002,404,2025-12-23,2027-09-09
LOT-202506-1191,MED018,LOC003,469,2025-06-28,2027-07-14
LOT-202509-1190,MED018,LOC003,1000,2025-09-12,2027-10-28
LOT-202602-1192,MED018,LOC004,219,2026-02-19,2028-06-06
LOT-202512-1193,MED018,LOC005,712,2025-12-03,2028-07-21
LOT-202508-1194,MED018,LOC006,413,2025-08-03,2028-07-10
LOT-202605-1195,MED018,LOC006,393,2026-05-01,2028-11-13
LOT-202511-1196,MED018,LOC007,145,2025-11-07,2027-07-03
LOT-202504-1197,MED019,LOC001,1799,2025-04-30,2027-10-01
LOT-202509-1199,MED019,LOC002,274,2025-09-17,2027-03-17
LOT-202604-1198,MED019,LOC002,373,2026-04-20,2028-10-16
LOT-202503-1201,MED019,LOC003,200,2025-03-23,2027-05-19
LOT-202511-1200,MED019,LOC003,367,2025-11-03,2027-10-03
LOT-202506-1203,MED019,LOC004,101,2025-06-27,2028-02-13
LOT-202509-1202,MED019,LOC004,97,2025-09-29,2028-07-30
LOT-202507-1205,MED019,LOC005,119,2025-07-20,2027-06-13
LOT-202604-1204,MED019,LOC005,276,2026-04-15,2029-01-23
LOT-202604-1206,MED019,LOC006,1329,2026-04-15,2027-12-03
LOT-202604-1207,MED019,LOC007,55,2026-04-23,2028-10-08
LOT-202508-1208,MED020,LOC001,1352,2025-08-15,2027-03-26
LOT-202505-1209,MED020,LOC002,564,2025-05-06,2027-03-27
LOT-202602-1211,MED020,LOC003,389,2026-02-09,2027-08-10
LOT-202601-1210,MED020,LOC003,672,2026-01-22,2028-09-24
LOT-202504-1212,MED020,LOC004,122,2025-04-16,2028-02-11
LOT-202508-1214,MED020,LOC005,88,2025-08-22,2028-07-26
LOT-202604-1213,MED020,LOC005,63,2026-04-18,2028-12-25
LOT-202506-1215,MED020,LOC006,522,2025-06-01,2027-04-04
LOT-202604-1216,MED020,LOC006,275,2026-04-09,2028-09-26
LOT-202506-1217,MED020,LOC007,186,2025-06-01,2027-01-26
LOT-202506-1218,MED021,LOC001,960,2025-06-13,2028-02-20
LOT-202505-1219,MED021,LOC002,223,2025-05-17,2027-01-08
LOT-202603-1220,MED021,LOC002,262,2026-03-12,2028-09-13
LOT-202510-1221,MED021,LOC003,1850,2025-10-04,2028-01-18
LOT-202508-1222,MED021,LOC005,640,2025-08-12,2027-10-03
LOT-202602-1223,MED021,LOC006,912,2026-02-27,2027-09-18
LOT-202503-1225,MED021,LOC007,53,2025-03-18,2027-10-18
LOT-202602-1224,MED021,LOC007,83,2026-02-11,2028-05-13
LOT-202508-1226,MED022,LOC001,315,2025-08-20,2027-02-13
LOT-202604-1227,MED022,LOC001,223,2026-04-16,2028-02-03
LOT-202504-1228,MED022,LOC002,567,2025-04-27,2027-05-29
LOT-202503-1230,MED022,LOC003,563,2025-03-18,2027-07-25
LOT-202602-1229,MED022,LOC003,470,2026-02-20,2028-03-04
LOT-202510-1231,MED022,LOC004,95,2025-10-23,2027-08-31
LOT-202508-1232,MED022,LOC005,129,2025-08-09,2027-06-14
LOT-202504-1233,MED022,LOC005,162,2025-04-01,2027-07-12
LOT-202508-1235,MED022,LOC006,222,2025-08-04,2027-09-22
LOT-202512-1234,MED022,LOC006,348,2025-12-28,2027-11-07
LOT-202504-1236,MED022,LOC007,39,2025-04-03,2026-12-19
LOT-202510-1238,MED023,LOC001,358,2025-10-16,2027-06-17
LOT-202603-1237,MED023,LOC001,389,2026-03-02,2028-12-29
LOT-202603-1239,MED023,LOC002,282,2026-03-14,2027-10-25
LOT-202512-1240,MED023,LOC002,302,2025-12-27,2028-05-16
LOT-202511-1242,MED023,LOC003,340,2025-11-12,2027-07-27
LOT-202511-1241,MED023,LOC003,490,2025-11-05,2028-10-04
LOT-202511-1243,MED023,LOC004,77,2025-11-13,2028-03-26
LOT-202512-1244,MED023,LOC004,56,2025-12-21,2028-10-23
LOT-202601-1246,MED023,LOC005,86,2026-01-29,2027-09-12
LOT-202604-1245,MED023,LOC005,102,2026-04-18,2027-12-28
LOT-202508-1248,MED023,LOC006,213,2025-08-04,2027-12-09
LOT-202509-1247,MED023,LOC006,335,2025-09-05,2027-12-19
LOT-202509-1250,MED023,LOC007,29,2025-09-15,2027-06-23
LOT-202508-1249,MED023,LOC007,50,2025-08-02,2027-07-28
LOT-202509-1252,MED024,LOC001,1099,2025-09-30,2028-06-02
LOT-202511-1251,MED024,LOC001,1135,2025-11-03,2028-09-27
LOT-202506-1253,MED024,LOC002,987,2025-06-28,2027-02-27
LOT-202504-1254,MED024,LOC003,841,2025-04-12,2027-02-26
LOT-202506-1255,MED024,LOC003,672,2025-06-02,2027-04-05
LOT-202512-1256,MED024,LOC004,379,2025-12-22,2028-01-08
LOT-202505-1258,MED024,LOC005,272,2025-05-15,2028-01-23
LOT-202510-1257,MED024,LOC005,199,2025-10-08,2028-07-13
LOT-202604-1259,MED024,LOC006,689,2026-04-10,2028-06-21
LOT-202602-1260,MED024,LOC006,689,2026-02-20,2028-09-11
LOT-202512-1261,MED024,LOC007,103,2025-12-23,2028-10-15
LOT-202604-1262,MED025,LOC001,2561,2026-04-27,2028-11-03
LOT-202505-1263,MED025,LOC002,471,2025-05-09,2027-03-09
LOT-202508-1264,MED025,LOC002,585,2025-08-24,2028-02-10
LOT-202503-1266,MED025,LOC003,581,2025-03-11,2027-05-02
LOT-202603-1265,MED025,LOC003,1277,2026-03-14,2027-10-16
LOT-202506-1267,MED025,LOC004,84,2025-06-13,2027-02-20
LOT-202507-1268,MED025,LOC004,55,2025-07-11,2028-02-12
LOT-202511-1269,MED025,LOC005,243,2025-11-22,2028-05-14
LOT-202602-1270,MED025,LOC005,359,2026-02-05,2028-09-10
LOT-202509-1271,MED025,LOC006,831,2025-09-25,2027-10-30
LOT-202505-1272,MED025,LOC006,1017,2025-05-17,2028-03-18
LOT-202503-1274,MED025,LOC007,49,2025-03-14,2027-08-22
LOT-202503-1273,MED025,LOC007,92,2025-03-14,2027-11-11
LOT-202603-1275,MED026,LOC001,1802,2026-03-05,2028-02-20
LOT-202603-1276,MED026,LOC001,1679,2026-03-31,2028-12-16
LOT-202603-1278,MED026,LOC002,281,2026-03-01,2028-02-04
LOT-202506-1277,MED026,LOC002,332,2025-06-20,2028-04-21
LOT-202602-1279,MED026,LOC003,2543,2026-02-17,2028-12-30
LOT-202604-1280,MED026,LOC004,176,2026-04-15,2028-01-19
LOT-202510-1281,MED026,LOC004,185,2025-10-10,2028-09-21
LOT-202508-1282,MED026,LOC005,324,2025-08-30,2027-07-16
LOT-202601-1283,MED026,LOC005,439,2026-01-21,2028-10-10
LOT-202505-1284,MED026,LOC006,770,2025-05-14,2027-06-12
LOT-202507-1285,MED026,LOC006,524,2025-07-26,2028-03-20
LOT-202506-1286,MED026,LOC007,47,2025-06-17,2028-01-14
LOT-202509-1287,MED026,LOC007,46,2025-09-19,2028-06-30
LOT-202512-1288,MED027,LOC001,1010,2025-12-12,2027-11-30
LOT-202510-1289,MED027,LOC002,227,2025-10-13,2028-04-12
LOT-202505-1290,MED027,LOC003,223,2025-05-11,2027-04-15
LOT-202508-1291,MED027,LOC003,109,2025-08-30,2027-04-26
LOT-202509-1293,MED027,LOC004,79,2025-09-22,2027-12-20
LOT-202505-1292,MED027,LOC004,97,2025-05-11,2028-02-02
LOT-202508-1295,MED027,LOC005,47,2025-08-12,2027-09-02
LOT-202603-1294,MED027,LOC005,98,2026-03-20,2028-08-15
LOT-202602-1296,MED027,LOC006,339,2026-02-18,2027-12-29
LOT-202604-1297,MED027,LOC006,401,2026-04-23,2028-09-07
LOT-202504-1298,MED027,LOC007,20,2025-04-09,2026-12-16
LOT-202508-1299,MED027,LOC007,21,2025-08-25,2027-12-18
LOT-202508-1301,MED028,LOC001,417,2025-08-10,2028-02-21
LOT-202604-1300,MED028,LOC001,654,2026-04-30,2028-07-31
LOT-202506-1303,MED028,LOC002,81,2025-06-18,2027-11-26
LOT-202503-1302,MED028,LOC002,96,2025-03-17,2028-02-21
LOT-202504-1304,MED028,LOC003,399,2025-04-19,2027-03-13
LOT-202503-1305,MED028,LOC004,95,2025-03-25,2027-05-22
LOT-202505-1306,MED028,LOC005,132,2025-05-04,2028-01-05
LOT-202510-1307,MED028,LOC005,81,2025-10-31,2028-04-08
LOT-202509-1308,MED028,LOC006,710,2025-09-13,2027-10-18
LOT-202503-1309,MED028,LOC007,48,2025-03-22,2026-12-05
LOT-202601-1310,MED029,LOC001,338,2026-01-02,2028-11-30
LOT-202506-1311,MED029,LOC002,84,2025-06-23,2027-05-24
LOT-202604-1312,MED029,LOC002,109,2026-04-16,2028-07-08
LOT-202510-1314,MED029,LOC003,37,2025-10-20,2027-10-05
LOT-202506-1313,MED029,LOC003,85,2025-06-11,2028-03-11
LOT-202503-1315,MED029,LOC004,23,2025-03-19,2027-01-18
LOT-202511-1316,MED029,LOC005,59,2025-11-12,2028-04-20
LOT-202504-1318,MED029,LOC006,102,2025-04-10,2027-05-30
LOT-202603-1317,MED029,LOC006,181,2026-03-29,2028-02-10
LOT-202505-1319,MED029,LOC007,28,2025-05-23,2028-04-11
LOT-202604-1320,MED029,LOC007,27,2026-04-13,2028-04-21
LOT-202603-1321,MED030,LOC001,264,2026-03-19,2028-10-25
LOT-202507-1322,MED030,LOC002,102,2025-07-08,2027-01-03
LOT-202505-1323,MED030,LOC003,183,2025-05-05,2027-05-27
LOT-202506-1324,MED030,LOC004,21,2025-06-01,2027-01-17
LOT-202508-1325,MED030,LOC004,24,2025-08-15,2027-06-12
LOT-202505-1326,MED030,LOC005,29,2025-05-08,2027-03-21
LOT-202507-1327,MED030,LOC005,24,2025-07-23,2027-10-27
LOT-202507-1329,MED030,LOC006,41,2025-07-25,2027-06-02
LOT-202604-1328,MED030,LOC006,82,2026-04-21,2028-09-06
LOT-202601-1330,MED030,LOC007,40,2026-01-24,2028-02-27
LOT-202505-1331,MED031,LOC001,470,2025-05-10,2028-03-02
LOT-202512-1332,MED031,LOC001,247,2025-12-29,2028-07-09
LOT-202508-1333,MED031,LOC002,309,2025-08-29,2027-12-13
LOT-202504-1334,MED031,LOC002,332,2025-04-26,2028-01-28
LOT-202507-1336,MED031,LOC003,481,2025-07-06,2027-08-14
LOT-202602-1335,MED031,LOC003,486,2026-02-14,2028-04-06
LOT-202505-1337,MED031,LOC004,238,2025-05-29,2027-10-30
LOT-202509-1339,MED031,LOC005,373,2025-09-04,2027-06-06
LOT-202512-1338,MED031,LOC005,295,2025-12-30,2027-08-26
LOT-202503-1340,MED031,LOC006,640,2025-03-11,2027-10-03
LOT-202508-1341,MED031,LOC007,82,2025-08-27,2027-06-16
LOT-202510-1342,MED031,LOC007,39,2025-10-07,2027-10-02
LOT-202603-1343,MED032,LOC001,144,2026-03-08,2028-03-06
LOT-202602-1344,MED032,LOC001,199,2026-02-08,2028-05-27
LOT-202512-1346,MED032,LOC002,118,2025-12-10,2028-01-31
LOT-202604-1345,MED032,LOC002,171,2026-04-26,2029-02-04
LOT-202511-1347,MED032,LOC003,463,2025-11-08,2028-10-02
LOT-202504-1349,MED032,LOC004,38,2025-04-22,2027-05-10
LOT-202506-1348,MED032,LOC004,36,2025-06-22,2027-06-19
LOT-202601-1350,MED032,LOC005,198,2026-01-25,2027-12-31
LOT-202509-1351,MED032,LOC005,97,2025-09-23,2028-08-29
LOT-202506-1352,MED032,LOC006,278,2025-06-26,2026-12-31
LOT-202512-1353,MED032,LOC006,189,2025-12-29,2028-09-25
LOT-202505-1355,MED032,LOC007,28,2025-05-01,2027-04-09
LOT-202601-1354,MED032,LOC007,22,2026-01-22,2028-01-19
LOT-202508-1357,MED033,LOC001,60,2025-08-10,2027-09-25
LOT-202508-1356,MED033,LOC001,105,2025-08-31,2028-04-20
LOT-202508-1358,MED033,LOC002,61,2025-08-29,2028-02-19
LOT-202601-1359,MED033,LOC002,26,2026-01-16,2028-09-21
LOT-202601-1360,MED033,LOC003,118,2026-01-11,2028-09-02
LOT-202512-1361,MED033,LOC004,24,2025-12-20,2027-08-07
LOT-202511-1362,MED033,LOC004,19,2025-11-05,2028-04-15
LOT-202506-1363,MED033,LOC005,45,2025-06-10,2027-09-04
LOT-202506-1365,MED033,LOC006,111,2025-06-27,2027-02-12
LOT-202504-1364,MED033,LOC006,77,2025-04-05,2028-02-27
LOT-202509-1366,MED033,LOC007,24,2025-09-05,2027-04-03
LOT-202503-1367,MED033,LOC007,26,2025-03-16,2027-05-10
LOT-202505-1369,MED034,LOC001,201,2025-05-11,2027-01-01
LOT-202604-1368,MED034,LOC001,197,2026-04-14,2027-11-02
LOT-202510-1371,MED034,LOC002,73,2025-10-27,2027-08-09
LOT-202504-1370,MED034,LOC002,52,2025-04-21,2027-10-25
LOT-202603-1373,MED034,LOC003,159,2026-03-01,2027-08-23
LOT-202601-1372,MED034,LOC003,171,2026-01-27,2028-03-01
LOT-202602-1374,MED034,LOC004,59,2026-02-24,2027-08-18
LOT-202603-1375,MED034,LOC004,31,2026-03-18,2028-06-09
LOT-202511-1376,MED034,LOC005,45,2025-11-12,2027-12-24
LOT-202509-1377,MED034,LOC005,46,2025-09-14,2028-05-02
LOT-202509-1378,MED034,LOC006,330,2025-09-23,2027-08-04
LOT-202504-1379,MED034,LOC007,20,2025-04-15,2027-06-23
LOT-202505-1380,MED034,LOC007,23,2025-05-06,2027-10-31
LOT-202510-1382,MED035,LOC001,109,2025-10-13,2027-05-02
LOT-202601-1381,MED035,LOC001,109,2026-01-20,2028-11-27
LOT-202508-1384,MED035,LOC002,30,2025-08-23,2027-03-11
LOT-202602-1383,MED035,LOC002,48,2026-02-12,2027-10-26
LOT-202504-1386,MED035,LOC003,75,2025-04-07,2027-01-08
LOT-202603-1385,MED035,LOC003,156,2026-03-27,2027-09-23
LOT-202510-1388,MED035,LOC004,26,2025-10-16,2027-08-17
LOT-202507-1387,MED035,LOC004,20,2025-07-11,2027-12-02
LOT-202510-1390,MED035,LOC005,47,2025-10-08,2027-04-03
LOT-202507-1389,MED035,LOC005,63,2025-07-19,2028-04-12
LOT-202509-1391,MED035,LOC006,267,2025-09-22,2028-02-13
LOT-202601-1393,MED035,LOC007,15,2026-01-01,2027-11-09
LOT-202503-1392,MED035,LOC007,26,2025-03-12,2027-12-08
LOT-202509-1394,MED036,LOC001,1140,2025-09-12,2027-11-06
LOT-202506-1396,MED036,LOC002,359,2025-06-29,2028-03-04
LOT-202603-1395,MED036,LOC002,820,2026-03-31,2028-04-04
LOT-202512-1398,MED036,LOC003,920,2025-12-30,2027-10-17
LOT-202603-1397,MED036,LOC003,1634,2026-03-17,2028-07-28
LOT-202505-1399,MED036,LOC004,211,2025-05-23,2026-12-26
LOT-202505-1400,MED036,LOC004,216,2025-05-07,2027-09-19
LOT-202507-1402,MED036,LOC005,358,2025-07-03,2028-03-25
LOT-202512-1401,MED036,LOC005,292,2025-12-09,2028-05-22
LOT-202507-1403,MED036,LOC006,742,2025-07-10,2028-03-22
LOT-202512-1404,MED036,LOC007,188,2025-12-21,2027-09-01
LOT-202507-1406,MED037,LOC001,2041,2025-07-16,2027-02-08
LOT-202508-1405,MED037,LOC001,1624,2025-08-27,2028-02-14
LOT-202602-1407,MED037,LOC002,463,2026-02-20,2028-01-04
LOT-202605-1408,MED037,LOC002,201,2026-05-02,2029-03-06
LOT-202604-1409,MED037,LOC003,1570,2026-04-27,2028-08-26
LOT-202508-1410,MED037,LOC004,288,2025-08-31,2027-04-12
LOT-202504-1411,MED037,LOC004,143,2025-04-29,2027-06-02
LOT-202509-1412,MED037,LOC005,342,2025-09-20,2028-04-06
LOT-202604-1413,MED037,LOC005,368,2026-04-12,2028-06-01
LOT-202505-1415,MED037,LOC006,958,2025-05-17,2027-02-18
LOT-202508-1414,MED037,LOC006,1431,2025-08-27,2028-07-29
LOT-202505-1417,MED037,LOC007,58,2025-05-01,2028-01-19
LOT-202604-1416,MED037,LOC007,51,2026-04-26,2029-01-17
LOT-202601-1418,MED038,LOC001,39,2026-01-17,2028-04-19
LOT-202511-1419,MED038,LOC001,30,2025-11-18,2028-06-20
LOT-202507-1420,MED038,LOC002,61,2025-07-23,2028-03-01
LOT-202509-1421,MED038,LOC003,56,2025-09-07,2028-03-22
LOT-202503-1422,MED038,LOC004,31,2025-03-16,2027-05-28
LOT-202512-1424,MED038,LOC005,25,2025-12-04,2028-03-03
LOT-202604-1423,MED038,LOC005,17,2026-04-19,2028-12-13
LOT-202507-1426,MED038,LOC006,74,2025-07-31,2027-08-23
LOT-202506-1425,MED038,LOC006,56,2025-06-13,2028-03-29
LOT-202510-1427,MED038,LOC007,54,2025-10-19,2027-07-01
LOT-202512-1428,MED039,LOC001,37,2025-12-03,2028-10-27
LOT-202504-1429,MED039,LOC002,21,2025-04-12,2028-01-10
LOT-202503-1430,MED039,LOC002,25,2025-03-16,2028-01-12
LOT-202504-1431,MED039,LOC003,43,2025-04-29,2027-11-21
LOT-202508-1432,MED039,LOC003,36,2025-08-06,2028-05-16
LOT-202508-1434,MED039,LOC004,18,2025-08-02,2028-02-22
LOT-202603-1433,MED039,LOC004,23,2026-03-27,2028-10-22
LOT-202509-1435,MED039,LOC005,20,2025-09-21,2028-05-10
LOT-202506-1436,MED039,LOC006,45,2025-06-10,2028-04-03
LOT-202507-1437,MED039,LOC006,59,2025-07-14,2028-04-16
LOT-202409-TPA4,MED039,LOC007,221,2024-09-15,2026-10-05
LOT-202510-1438,MED040,LOC001,243,2025-10-04,2027-05-20
LOT-202510-1439,MED040,LOC002,60,2025-10-24,2027-04-29
LOT-202602-1440,MED040,LOC002,36,2026-02-04,2029-01-07
LOT-202508-1442,MED040,LOC003,65,2025-08-12,2027-09-04
LOT-202504-1441,MED040,LOC003,103,2025-04-07,2028-01-21
LOT-202511-1444,MED040,LOC004,20,2025-11-23,2027-12-23
LOT-202509-1443,MED040,LOC004,27,2025-09-06,2028-01-07
LOT-202510-1445,MED040,LOC005,52,2025-10-04,2027-12-05
LOT-202604-1446,MED040,LOC005,24,2026-04-05,2028-01-11
LOT-202506-1447,MED040,LOC006,79,2025-06-15,2027-02-15
LOT-202512-1448,MED040,LOC006,73,2025-12-15,2027-09-03
LOT-202512-1449,MED040,LOC007,27,2025-12-25,2028-06-21
LOT-202507-1450,MED041,LOC001,238,2025-07-02,2027-05-04
LOT-202602-1451,MED041,LOC001,108,2026-02-09,2027-09-25
LOT-202508-1452,MED041,LOC002,53,2025-08-31,2028-06-11
LOT-202503-1453,MED041,LOC003,109,2025-03-20,2026-12-20
LOT-202510-1454,MED041,LOC003,127,2025-10-14,2028-01-13
LOT-202603-1455,MED041,LOC004,20,2026-03-11,2027-09-26
LOT-202604-1456,MED041,LOC004,22,2026-04-30,2028-07-08
LOT-202601-1457,MED041,LOC005,89,2026-01-21,2028-07-01
LOT-202601-1458,MED041,LOC006,41,2026-01-25,2027-12-02
LOT-202603-1459,MED041,LOC006,54,2026-03-08,2028-02-05
LOT-202512-1460,MED041,LOC007,12,2025-12-23,2028-08-01
LOT-202506-1461,MED042,LOC001,594,2025-06-13,2028-04-04
LOT-202508-1462,MED042,LOC002,408,2025-08-19,2028-07-24
LOT-202508-1463,MED042,LOC003,533,2025-08-29,2027-03-30
LOT-202511-1465,MED042,LOC004,56,2025-11-06,2027-06-21
LOT-202601-1464,MED042,LOC004,55,2026-01-30,2028-05-17
LOT-202506-1466,MED042,LOC005,427,2025-06-25,2027-11-15
LOT-202510-1468,MED042,LOC006,410,2025-10-25,2027-07-13
LOT-202603-1467,MED042,LOC006,334,2026-03-30,2028-02-04
LOT-202511-1469,MED042,LOC007,65,2025-11-27,2028-03-31
LOT-202506-1470,MED043,LOC001,336,2025-06-27,2027-05-27
LOT-202603-1471,MED043,LOC002,75,2026-03-18,2028-10-23
LOT-202604-1472,MED043,LOC002,68,2026-04-21,2028-12-03
LOT-202511-1473,MED043,LOC003,148,2025-11-13,2027-07-11
LOT-202601-1474,MED043,LOC003,69,2026-01-26,2028-11-14
LOT-202508-1476,MED043,LOC004,35,2025-08-17,2027-05-15
LOT-202602-1475,MED043,LOC004,32,2026-02-18,2028-11-11
LOT-202504-1478,MED043,LOC005,41,2025-04-29,2027-11-08
LOT-202602-1477,MED043,LOC005,47,2026-02-15,2027-12-19
LOT-202509-1479,MED043,LOC006,164,2025-09-04,2028-06-12
LOT-202506-1480,MED043,LOC007,18,2025-06-24,2027-06-17
LOT-202512-1482,MED044,LOC001,447,2025-12-30,2027-09-18
LOT-202512-1481,MED044,LOC001,403,2025-12-15,2027-10-18
LOT-202604-1483,MED044,LOC002,176,2026-04-02,2029-01-15
LOT-202512-1484,MED044,LOC003,184,2025-12-17,2028-03-15
LOT-202505-1486,MED044,LOC004,64,2025-05-22,2027-07-05
LOT-202511-1485,MED044,LOC004,80,2025-11-19,2028-02-26
LOT-202603-1488,MED044,LOC005,109,2026-03-27,2028-06-04
LOT-202602-1487,MED044,LOC005,85,2026-02-16,2029-01-05
LOT-202603-1489,MED044,LOC006,474,2026-03-03,2027-11-21
LOT-202505-1491,MED044,LOC007,35,2025-05-01,2027-05-14
LOT-202602-1490,MED044,LOC007,31,2026-02-23,2027-12-31
LOT-202603-1492,MED045,LOC001,861,2026-03-15,2027-09-06
LOT-202511-1494,MED045,LOC002,69,2025-11-16,2028-02-19
LOT-202512-1493,MED045,LOC002,80,2025-12-19,2028-11-17
LOT-202509-1495,MED045,LOC003,346,2025-09-22,2027-05-31
LOT-202505-1496,MED045,LOC003,150,2025-05-25,2028-01-31
LOT-202504-1498,MED045,LOC004,49,2025-04-12,2027-10-07
LOT-202506-1497,MED045,LOC004,39,2025-06-26,2028-03-09
LOT-202512-1499,MED045,LOC005,232,2025-12-11,2027-07-04
LOT-202506-1500,MED045,LOC005,230,2025-06-04,2027-11-16
LOT-202508-1501,MED045,LOC006,511,2025-08-15,2028-01-16
LOT-202506-1502,MED045,LOC007,40,2025-06-04,2028-02-15
LOT-202602-1503,MED046,LOC001,1684,2026-02-03,2028-05-09
LOT-202503-1505,MED046,LOC002,228,2025-03-12,2027-02-01
LOT-202511-1504,MED046,LOC002,153,2025-11-01,2028-02-17
LOT-202603-1507,MED046,LOC003,347,2026-03-10,2028-04-22
LOT-202601-1506,MED046,LOC003,404,2026-01-06,2028-09-02
LOT-202504-1509,MED046,LOC004,79,2025-04-11,2027-09-17
LOT-202603-1508,MED046,LOC004,84,2026-03-01,2027-11-13
LOT-202512-1510,MED046,LOC005,361,2025-12-20,2028-07-05
LOT-202510-1511,MED046,LOC006,1239,2025-10-22,2028-04-04
LOT-202508-1512,MED046,LOC007,36,2025-08-25,2027-11-26
LOT-202512-1513,MED046,LOC007,16,2025-12-11,2028-03-30
LOT-202602-1514,MED047,LOC001,495,2026-02-18,2029-01-25
LOT-202505-1515,MED047,LOC002,109,2025-05-13,2027-04-09
LOT-202504-1516,MED047,LOC002,94,2025-04-24,2027-11-23
LOT-202506-1517,MED047,LOC003,710,2025-06-23,2027-08-16
LOT-202509-1518,MED047,LOC004,126,2025-09-22,2027-06-17
LOT-202512-1519,MED047,LOC005,186,2025-12-27,2028-07-09
LOT-202512-1520,MED047,LOC006,765,2025-12-01,2027-12-23
LOT-202511-1521,MED047,LOC007,31,2025-11-15,2028-03-22
LOT-202510-1522,MED047,LOC007,19,2025-10-02,2028-04-20
LOT-202504-1523,MED048,LOC001,245,2025-04-18,2027-05-15
LOT-202512-1524,MED048,LOC001,168,2025-12-11,2028-06-14
LOT-202603-1526,MED048,LOC002,177,2026-03-26,2028-03-10
LOT-202511-1525,MED048,LOC002,137,2025-11-13,2028-07-26
LOT-202507-1527,MED048,LOC003,332,2025-07-27,2028-02-17
LOT-202602-1529,MED048,LOC004,27,2026-02-09,2027-10-29
LOT-202507-1528,MED048,LOC004,27,2025-07-29,2028-03-29
LOT-202506-1530,MED048,LOC005,126,2025-06-11,2028-01-12
LOT-202601-1531,MED048,LOC006,435,2026-01-20,2027-10-14
LOT-202603-1532,MED048,LOC007,22,2026-03-10,2028-12-14
LOT-202601-1533,MED049,LOC001,997,2026-01-08,2027-11-30
LOT-202507-1534,MED049,LOC001,1059,2025-07-24,2028-05-22
LOT-202504-1535,MED049,LOC002,462,2025-04-16,2027-07-29
LOT-202507-1536,MED049,LOC002,359,2025-07-13,2028-02-23
LOT-202503-1537,MED049,LOC003,383,2025-03-29,2027-03-05
LOT-202508-1538,MED049,LOC003,421,2025-08-14,2027-03-11
LOT-202512-1539,MED049,LOC004,497,2025-12-20,2028-03-19
LOT-202511-1540,MED049,LOC005,889,2025-11-17,2028-02-29
LOT-202508-1542,MED049,LOC006,856,2025-08-20,2027-08-25
LOT-202604-1541,MED049,LOC006,1680,2026-04-24,2029-03-18
LOT-202510-1543,MED049,LOC007,178,2025-10-29,2028-07-22
LOT-202505-1544,MED050,LOC001,1078,2025-05-10,2027-11-16
LOT-202510-1545,MED050,LOC001,835,2025-10-10,2027-11-28
LOT-202508-1546,MED050,LOC002,570,2025-08-11,2027-09-07
LOT-202504-1547,MED050,LOC002,634,2025-04-15,2028-03-05
LOT-202504-1548,MED050,LOC003,1559,2025-04-10,2028-02-19
LOT-202503-1549,MED050,LOC004,549,2025-03-19,2028-03-01
LOT-202506-1550,MED050,LOC005,419,2025-06-16,2027-02-02
LOT-202508-1552,MED050,LOC006,572,2025-08-06,2028-01-05
LOT-202510-1551,MED050,LOC006,512,2025-10-14,2028-02-28
LOT-202511-1554,MED050,LOC007,67,2025-11-12,2027-10-07
LOT-202601-1553,MED050,LOC007,90,2026-01-02,2028-01-07
LOT-202602-1555,MED051,LOC001,2152,2026-02-01,2027-12-29
LOT-202505-1556,MED051,LOC002,364,2025-05-07,2027-04-29
LOT-202510-1557,MED051,LOC002,541,2025-10-25,2028-06-21
LOT-202601-1558,MED051,LOC003,1729,2026-01-25,2027-10-01
LOT-202508-1559,MED051,LOC004,306,2025-08-22,2027-04-16
LOT-202504-1561,MED051,LOC005,108,2025-04-01,2026-12-15
LOT-202601-1560,MED051,LOC005,250,2026-01-03,2027-10-08
LOT-202504-1562,MED051,LOC006,892,2025-04-30,2028-03-08
LOT-202601-1563,MED051,LOC006,631,2026-01-02,2028-12-06
LOT-202601-1565,MED051,LOC007,51,2026-01-19,2027-12-06
LOT-202508-1564,MED051,LOC007,40,2025-08-29,2028-04-21
LOT-202601-1566,MED052,LOC001,450,2026-01-30,2028-07-16
LOT-202509-1567,MED052,LOC002,115,2025-09-04,2027-06-01
LOT-202602-1568,MED052,LOC002,62,2026-02-27,2028-04-05
LOT-202506-1570,MED052,LOC003,163,2025-06-03,2027-11-12
LOT-202512-1569,MED052,LOC003,200,2025-12-31,2028-06-28
LOT-202604-1571,MED052,LOC004,98,2026-04-24,2029-04-07
LOT-202507-1572,MED052,LOC005,60,2025-07-20,2028-02-08
LOT-202603-1573,MED052,LOC005,79,2026-03-15,2029-02-14
LOT-202602-1575,MED052,LOC006,105,2026-02-04,2027-08-25
LOT-202602-1574,MED052,LOC006,123,2026-02-18,2028-03-28
LOT-202506-1576,MED052,LOC007,47,2025-06-17,2027-06-17
LOT-202507-1577,MED053,LOC001,275,2025-07-21,2028-04-05
LOT-202504-1578,MED053,LOC002,160,2025-04-05,2027-05-09
LOT-202507-1579,MED053,LOC003,86,2025-07-07,2028-03-05
LOT-202602-1580,MED053,LOC003,51,2026-02-22,2028-05-07
LOT-202601-1581,MED053,LOC004,65,2026-01-11,2027-09-20
LOT-202504-1582,MED053,LOC005,78,2025-04-14,2027-04-25
LOT-202604-1584,MED053,LOC006,158,2026-04-11,2028-02-02
LOT-202602-1583,MED053,LOC006,114,2026-02-28,2028-05-23
LOT-202605-1585,MED053,LOC007,27,2026-05-03,2027-12-17
LOT-202604-1586,MED053,LOC007,15,2026-04-19,2028-04-10
LOT-202508-1587,MED054,LOC001,480,2025-08-03,2027-07-28
LOT-202505-1589,MED054,LOC002,78,2025-05-23,2027-09-08
LOT-202602-1588,MED054,LOC002,151,2026-02-22,2028-01-07
LOT-202509-1590,MED054,LOC003,341,2025-09-19,2027-04-05
LOT-202601-1592,MED054,LOC004,26,2026-01-15,2028-01-01
LOT-202603-1591,MED054,LOC004,42,2026-03-26,2028-07-30
LOT-202510-1594,MED054,LOC005,58,2025-10-20,2027-09-26
LOT-202506-1593,MED054,LOC005,97,2025-06-22,2028-01-03
LOT-202511-1595,MED054,LOC006,141,2025-11-30,2028-05-08
LOT-202506-1596,MED054,LOC006,163,2025-06-22,2028-05-16
LOT-202602-1598,MED054,LOC007,30,2026-02-19,2027-09-05
LOT-202603-1597,MED054,LOC007,24,2026-03-15,2027-12-02
LOT-202505-1599,MED055,LOC001,521,2025-05-23,2028-02-18
LOT-202603-1600,MED055,LOC001,227,2026-03-07,2029-02-12
LOT-202508-1601,MED055,LOC002,175,2025-08-02,2027-05-03
LOT-202505-1602,MED055,LOC002,163,2025-05-01,2028-03-20
LOT-202503-1603,MED055,LOC003,1196,2025-03-20,2027-05-14
LOT-202601-1605,MED055,LOC004,54,2026-01-02,2027-11-09
LOT-202602-1604,MED055,LOC004,80,2026-02-12,2028-12-29
LOT-202505-1607,MED055,LOC005,82,2025-05-21,2027-05-31
LOT-202506-1606,MED055,LOC005,106,2025-06-29,2027-07-16
LOT-202508-1609,MED055,LOC006,353,2025-08-24,2027-09-03
LOT-202507-1608,MED055,LOC006,251,2025-07-09,2028-05-16
LOT-202506-1611,MED055,LOC007,45,2025-06-19,2027-02-05
LOT-202510-1610,MED055,LOC007,50,2025-10-11,2027-08-21
LOT-202601-1613,MED056,LOC001,412,2026-01-10,2027-09-13
LOT-202505-1612,MED056,LOC001,438,2025-05-21,2027-12-24
LOT-202509-1614,MED056,LOC002,141,2025-09-26,2028-02-28
LOT-202507-1615,MED056,LOC002,107,2025-07-23,2028-04-13
LOT-202504-1617,MED056,LOC003,543,2025-04-23,2027-12-06
LOT-202604-1616,MED056,LOC003,469,2026-04-06,2028-08-15
LOT-202508-1618,MED056,LOC004,127,2025-08-05,2027-03-19
LOT-202510-1619,MED056,LOC004,64,2025-10-18,2028-07-02
LOT-202510-1620,MED056,LOC005,172,2025-10-16,2027-12-21
LOT-202602-1622,MED056,LOC006,368,2026-02-10,2028-01-13
LOT-202604-1621,MED056,LOC006,499,2026-04-09,2028-06-07
LOT-202507-1623,MED056,LOC007,37,2025-07-22,2027-08-24
LOT-202602-1624,MED056,LOC007,50,2026-02-06,2027-09-25
LOT-202511-1625,MED057,LOC002,33,2025-11-07,2028-02-06
LOT-202602-1626,MED057,LOC004,38,2026-02-19,2027-09-24
LOT-202603-1627,MED057,LOC005,43,2026-03-08,2027-12-05
LOT-202512-1629,MED057,LOC006,89,2025-12-04,2027-11-28
LOT-202512-1628,MED057,LOC006,64,2025-12-20,2028-03-22
LOT-202504-1631,MED058,LOC001,433,2025-04-25,2027-11-28
LOT-202601-1630,MED058,LOC001,371,2026-01-12,2028-09-10
LOT-202604-1632,MED058,LOC002,122,2026-04-12,2027-12-05
LOT-202510-1633,MED058,LOC002,161,2025-10-22,2028-03-14
LOT-202503-1634,MED058,LOC003,222,2025-03-25,2027-10-28
LOT-202603-1635,MED058,LOC003,117,2026-03-21,2028-11-27
LOT-202510-1636,MED058,LOC004,217,2025-10-30,2027-05-16
LOT-202602-1637,MED058,LOC004,94,2026-02-04,2028-03-01
LOT-202504-1639,MED058,LOC005,111,2025-04-14,2027-12-15
LOT-202603-1638,MED058,LOC005,240,2026-03-28,2028-07-26
LOT-202509-1641,MED058,LOC006,215,2025-09-23,2027-12-08
LOT-202512-1640,MED058,LOC006,486,2025-12-18,2028-03-06
LOT-202503-1642,MED058,LOC007,53,2025-03-28,2027-04-12
LOT-202510-1643,MED059,LOC001,410,2025-10-18,2027-06-19
LOT-202508-1644,MED059,LOC001,302,2025-08-02,2027-07-16
LOT-202506-1645,MED059,LOC002,153,2025-06-02,2028-03-05
LOT-202604-1646,MED059,LOC002,203,2026-04-20,2028-08-25
LOT-202506-1648,MED059,LOC003,322,2025-06-01,2027-10-30
LOT-202510-1647,MED059,LOC003,352,2025-10-31,2027-12-13
LOT-202506-1649,MED059,LOC004,76,2025-06-01,2028-04-09
LOT-202503-1651,MED059,LOC005,77,2025-03-22,2027-07-16
LOT-202601-1650,MED059,LOC005,76,2026-01-10,2028-03-03
LOT-202511-1653,MED059,LOC006,183,2025-11-29,2027-11-12
LOT-202512-1652,MED059,LOC006,271,2025-12-07,2028-03-25
LOT-202503-1654,MED059,LOC007,26,2025-03-22,2027-03-18
LOT-202512-1655,MED060,LOC001,44,2025-12-26,2027-09-16
LOT-202510-1656,MED060,LOC001,59,2025-10-05,2028-04-22
LOT-202503-1657,MED060,LOC002,22,2025-03-23,2027-04-12
LOT-202509-1659,MED060,LOC003,32,2025-09-22,2027-08-02
LOT-202506-1658,MED060,LOC003,42,2025-06-19,2028-01-22
LOT-202509-1660,MED060,LOC004,22,2025-09-25,2028-06-07
LOT-202602-1661,MED060,LOC005,50,2026-02-16,2028-06-27
LOT-202503-1662,MED060,LOC006,105,2025-03-13,2027-08-22
LOT-202504-1663,MED060,LOC007,24,2025-04-01,2027-12-24
LOT-202511-1664,MED061,LOC001,705,2025-11-20,2028-09-22
LOT-202507-1666,MED061,LOC002,214,2025-07-22,2028-05-20
LOT-202509-1665,MED061,LOC002,149,2025-09-02,2028-07-13
LOT-202505-1668,MED061,LOC003,229,2025-05-11,2027-03-11
LOT-202509-1667,MED061,LOC003,378,2025-09-09,2027-05-23
LOT-202510-1669,MED061,LOC004,65,2025-10-07,2028-01-31
LOT-202506-1670,MED061,LOC004,96,2025-06-07,2028-04-17
LOT-202512-1671,MED061,LOC005,327,2025-12-16,2028-11-23
LOT-202602-1673,MED061,LOC006,282,2026-02-25,2028-04-09
LOT-202511-1672,MED061,LOC006,261,2025-11-28,2028-05-18
LOT-202506-1674,MED061,LOC007,38,2025-06-12,2027-04-12
LOT-202503-1675,MED061,LOC007,29,2025-03-24,2027-12-10
LOT-202505-1676,MED062,LOC001,1643,2025-05-11,2027-02-11
LOT-202509-1677,MED062,LOC002,410,2025-09-02,2027-09-14
LOT-202603-1678,MED062,LOC002,208,2026-03-15,2027-10-30
LOT-202510-1679,MED062,LOC003,640,2025-10-03,2027-12-12
LOT-202504-1681,MED062,LOC004,79,2025-04-16,2027-05-25
LOT-202507-1680,MED062,LOC004,180,2025-07-01,2027-11-15
LOT-202603-1682,MED062,LOC005,159,2026-03-10,2027-11-03
LOT-202504-1683,MED062,LOC005,143,2025-04-28,2027-12-23
LOT-202604-1684,MED062,LOC006,1258,2026-04-05,2028-02-27
LOT-202504-1686,MED062,LOC007,28,2025-04-04,2027-07-04
LOT-202604-1685,MED062,LOC007,56,2026-04-06,2027-10-10
LOT-202509-1687,MED063,LOC001,286,2025-09-02,2027-05-23
LOT-202508-1688,MED063,LOC001,185,2025-08-13,2028-01-30
LOT-202603-1689,MED063,LOC002,132,2026-03-07,2027-09-19
LOT-202509-1690,MED063,LOC002,93,2025-09-01,2027-10-30
LOT-202509-1692,MED063,LOC003,108,2025-09-04,2027-06-07
LOT-202510-1691,MED063,LOC003,93,2025-10-28,2027-07-05
LOT-202602-1694,MED063,LOC004,39,2026-02-09,2028-03-08
LOT-202509-1693,MED063,LOC004,30,2025-09-30,2028-08-16
LOT-202511-1695,MED063,LOC005,143,2025-11-10,2028-10-11
LOT-202504-1697,MED063,LOC006,165,2025-04-27,2027-09-26
LOT-202503-1696,MED063,LOC006,242,2025-03-13,2027-12-18
LOT-202512-1698,MED063,LOC007,24,2025-12-01,2027-06-13
LOT-202602-1699,MED063,LOC007,22,2026-02-07,2028-05-15
LOT-202510-1700,MED064,LOC001,2452,2025-10-15,2028-09-06
LOT-202509-1701,MED064,LOC002,879,2025-09-17,2027-08-20
LOT-202509-1702,MED064,LOC002,558,2025-09-26,2028-07-19
LOT-202504-1704,MED064,LOC003,696,2025-04-16,2026-12-10
LOT-202506-1703,MED064,LOC003,1485,2025-06-18,2028-03-06
LOT-202504-1705,MED064,LOC004,138,2025-04-05,2026-12-20
LOT-202507-1706,MED064,LOC004,74,2025-07-04,2027-10-10
LOT-202505-1707,MED064,LOC005,527,2025-05-03,2027-08-27
LOT-202503-1709,MED064,LOC006,721,2025-03-23,2027-02-16
LOT-202503-1708,MED064,LOC006,825,2025-03-14,2027-02-28
LOT-202503-1711,MED064,LOC007,114,2025-03-24,2026-12-31
LOT-202512-1710,MED064,LOC007,107,2025-12-24,2027-10-01
LOT-202603-1712,MED065,LOC001,799,2026-03-25,2027-11-23
LOT-202507-1713,MED065,LOC002,242,2025-07-10,2027-03-10
LOT-202503-1714,MED065,LOC003,762,2025-03-20,2027-03-25
LOT-202504-1715,MED065,LOC004,62,2025-04-02,2027-03-05
LOT-202509-1716,MED065,LOC004,35,2025-09-16,2027-10-05
LOT-202509-1717,MED065,LOC005,430,2025-09-17,2027-07-05
LOT-202503-1718,MED065,LOC006,302,2025-03-21,2027-10-29
LOT-202510-1719,MED065,LOC007,43,2025-10-13,2027-09-04
LOT-202512-1720,MED065,LOC007,41,2025-12-03,2027-09-09
LOT-202506-1722,MED066,LOC001,456,2025-06-10,2027-12-28
LOT-202511-1721,MED066,LOC001,334,2025-11-20,2028-03-15
LOT-202510-1723,MED066,LOC002,481,2025-10-28,2028-07-14
LOT-202602-1725,MED066,LOC003,458,2026-02-06,2027-12-30
LOT-202508-1724,MED066,LOC003,370,2025-08-19,2028-05-19
LOT-202503-1726,MED066,LOC004,136,2025-03-20,2027-09-04
LOT-202504-1727,MED066,LOC004,110,2025-04-05,2028-01-10
LOT-202503-1728,MED066,LOC005,174,2025-03-19,2027-03-20
LOT-202602-1729,MED066,LOC005,246,2026-02-28,2029-01-06
LOT-202504-1731,MED066,LOC006,235,2025-04-15,2027-02-24
LOT-202604-1730,MED066,LOC006,312,2026-04-07,2028-04-12
LOT-202509-1732,MED066,LOC007,32,2025-09-20,2028-03-04
LOT-202508-1734,MED067,LOC001,316,2025-08-17,2028-01-26
LOT-202508-1733,MED067,LOC001,563,2025-08-14,2028-05-16
LOT-202505-1735,MED067,LOC002,526,2025-05-06,2027-01-04
LOT-202512-1736,MED067,LOC003,221,2025-12-08,2028-01-06
LOT-202511-1737,MED067,LOC003,252,2025-11-01,2028-03-25
LOT-202504-1738,MED067,LOC004,67,2025-04-01,2027-07-11
LOT-202511-1739,MED067,LOC004,39,2025-11-07,2027-08-07
LOT-202602-1741,MED067,LOC005,139,2026-02-24,2028-04-08
LOT-202602-1740,MED067,LOC005,206,2026-02-19,2028-08-10
LOT-202504-1742,MED067,LOC006,463,2025-04-19,2027-01-10
LOT-202507-1743,MED067,LOC006,288,2025-07-07,2028-05-17
LOT-202508-1744,MED067,LOC007,39,2025-08-29,2027-11-15
LOT-202509-1745,MED067,LOC007,51,2025-09-22,2027-12-21
LOT-202603-1747,MED068,LOC001,1341,2026-03-23,2028-06-02
LOT-202601-1746,MED068,LOC001,1519,2026-01-07,2028-12-19
LOT-202508-1749,MED068,LOC002,684,2025-08-27,2027-06-27
LOT-202503-1748,MED068,LOC002,760,2025-03-21,2027-09-19
LOT-202503-1751,MED068,LOC003,1829,2025-03-17,2027-06-15
LOT-202601-1750,MED068,LOC003,1298,2026-01-28,2028-06-08
LOT-202601-1752,MED068,LOC004,610,2026-01-05,2028-03-11
LOT-202507-1753,MED068,LOC005,885,2025-07-05,2027-12-12
LOT-202506-1754,MED068,LOC005,483,2025-06-24,2028-02-11
LOT-202506-1756,MED068,LOC006,1601,2025-06-14,2027-11-11
LOT-202602-1755,MED068,LOC006,2317,2026-02-11,2028-11-09
LOT-202506-1757,MED068,LOC007,98,2025-06-11,2027-11-30
LOT-202504-1758,MED068,LOC007,66,2025-04-08,2028-03-01
LOT-202511-1760,MED069,LOC001,1542,2025-11-29,2028-02-20
LOT-202508-1759,MED069,LOC001,1722,2025-08-12,2028-04-16
LOT-202510-1761,MED069,LOC002,1064,2025-10-10,2027-12-07
LOT-202512-1762,MED069,LOC003,1499,2025-12-08,2027-08-10
LOT-202511-1763,MED069,LOC003,905,2025-11-22,2027-08-31
LOT-202506-1765,MED069,LOC004,109,2025-06-30,2027-05-18
LOT-202601-1764,MED069,LOC004,182,2026-01-29,2028-11-17
LOT-202505-1766,MED069,LOC005,630,2025-05-31,2027-02-13
LOT-202601-1767,MED069,LOC005,287,2026-01-05,2027-10-13
LOT-202507-1769,MED069,LOC006,1736,2025-07-02,2028-02-07
LOT-202602-1768,MED069,LOC006,2199,2026-02-13,2028-11-25
LOT-202505-1770,MED069,LOC007,248,2025-05-17,2027-02-10
LOT-202506-1771,MED070,LOC001,235,2025-06-01,2027-02-10
LOT-202511-1772,MED070,LOC001,197,2025-11-21,2027-10-09
LOT-202507-1773,MED070,LOC002,86,2025-07-11,2027-10-26
LOT-202505-1774,MED070,LOC002,110,2025-05-20,2027-11-26
LOT-202509-1776,MED070,LOC003,146,2025-09-01,2028-04-01
LOT-202601-1775,MED070,LOC003,174,2026-01-23,2028-09-11
LOT-202602-1777,MED070,LOC004,44,2026-02-06,2028-03-29
LOT-202601-1778,MED070,LOC005,181,2026-01-07,2027-11-08
LOT-202512-1780,MED070,LOC006,201,2025-12-10,2027-12-31
LOT-202601-1779,MED070,LOC006,167,2026-01-26,2028-03-28
LOT-202602-1782,MED070,LOC007,18,2026-02-15,2028-01-03
LOT-202602-1781,MED070,LOC007,29,2026-02-19,2028-01-29
LOT-202505-1784,MED071,LOC001,87,2025-05-07,2027-05-16
LOT-202507-1783,MED071,LOC001,98,2025-07-13,2027-06-16
LOT-202512-1786,MED071,LOC002,17,2025-12-01,2028-02-17
LOT-202604-1785,MED071,LOC002,29,2026-04-09,2029-02-14
LOT-202510-1788,MED071,LOC003,65,2025-10-17,2028-03-06
LOT-202508-1787,MED071,LOC003,127,2025-08-15,2028-07-29
LOT-202505-1789,MED071,LOC004,61,2025-05-19,2028-03-14
LOT-202512-1790,MED071,LOC005,76,2025-12-04,2028-01-31
LOT-202509-1791,MED071,LOC006,69,2025-09-02,2027-11-08
LOT-202510-1792,MED071,LOC006,102,2025-10-19,2028-01-03
LOT-202506-1793,MED071,LOC007,34,2025-06-17,2027-10-03
LOT-202508-1794,MED071,LOC007,25,2025-08-07,2028-04-24
LOT-202602-1795,MED072,LOC001,35,2026-02-10,2028-10-05
LOT-202604-1796,MED072,LOC001,40,2026-04-05,2028-12-27
LOT-202506-1797,MED072,LOC002,30,2025-06-14,2028-05-26
LOT-202603-1798,MED072,LOC003,91,2026-03-15,2028-12-29
LOT-202602-1799,MED072,LOC004,15,2026-02-25,2028-02-04
LOT-202505-1800,MED072,LOC005,36,2025-05-23,2027-10-07
LOT-202508-1801,MED072,LOC005,39,2025-08-12,2028-06-23
LOT-202508-1802,MED072,LOC006,43,2025-08-18,2027-07-19
LOT-202602-1803,MED072,LOC006,33,2026-02-02,2027-10-26
LOT-202506-1805,MED072,LOC007,29,2025-06-16,2027-07-13
LOT-202508-1804,MED072,LOC007,21,2025-08-12,2028-06-29
LOT-202605-1806,MED073,LOC001,356,2026-05-02,2028-10-25
LOT-202503-1808,MED073,LOC002,67,2025-03-18,2027-01-29
LOT-202601-1807,MED073,LOC002,55,2026-01-29,2028-10-03
LOT-202506-1809,MED073,LOC003,303,2025-06-14,2027-02-19
LOT-202503-1810,MED073,LOC004,54,2025-03-10,2027-11-14
LOT-202509-1812,MED073,LOC005,49,2025-09-10,2027-07-24
LOT-202512-1811,MED073,LOC005,46,2025-12-11,2028-11-05
LOT-202507-1813,MED073,LOC006,110,2025-07-14,2027-05-21
LOT-202506-1814,MED073,LOC006,97,2025-06-12,2028-01-26
LOT-202509-1815,MED073,LOC007,48,2025-09-02,2027-09-16
LOT-202505-1816,MED074,LOC001,93,2025-05-15,2027-03-01
LOT-202504-1818,MED074,LOC002,25,2025-04-28,2027-03-14
LOT-202512-1817,MED074,LOC002,34,2025-12-02,2028-11-12
LOT-202603-1820,MED074,LOC003,33,2026-03-27,2027-12-02
LOT-202602-1819,MED074,LOC003,59,2026-02-05,2028-09-16
LOT-202511-1821,MED074,LOC004,6,2025-11-19,2027-11-11
LOT-202506-1822,MED074,LOC005,17,2025-06-24,2027-03-10
LOT-202511-1824,MED074,LOC006,34,2025-11-12,2027-12-27
LOT-202511-1823,MED074,LOC006,29,2025-11-28,2028-03-21
LOT-202510-1825,MED074,LOC007,49,2025-10-14,2028-01-16
LOT-202508-1826,MED075,LOC001,600,2025-08-07,2027-04-11
LOT-202503-1827,MED075,LOC002,154,2025-03-17,2027-01-17
LOT-202504-1828,MED075,LOC002,141,2025-04-11,2027-03-27
LOT-202603-1829,MED075,LOC003,602,2026-03-28,2028-10-30
LOT-202503-1830,MED075,LOC004,34,2025-03-22,2027-05-27
LOT-202510-1832,MED075,LOC005,181,2025-10-21,2027-08-20
LOT-202510-1831,MED075,LOC005,151,2025-10-19,2027-11-15
LOT-202601-1833,MED075,LOC006,515,2026-01-02,2027-10-18
LOT-202504-1834,MED075,LOC007,64,2025-04-17,2027-09-17
